name,filepath,x,y,width,height
RIGHT_MFCD,Mods/aircraft/A-10C/Cockpit/Scripts/MFCD/indicator/MFCD_right_init.lua,1406,1560,445,445
LEFT_MFCD,Mods/aircraft/A-10C/Cockpit/Scripts/MFCD/indicator/MFCD_left_init.lua,67,1560,445,445
CMSC_SCREEN,Mods/aircraft/A-10C/Cockpit/Scripts/CMSC/indicator/CMSC_init.lua,856,1581,230,49
CMSP_SCREEN,Mods/aircraft/A-10C/Cockpit/Scripts/CMSP/indicator/CMSP_init.lua,1075,1630,2770,70
RWR_SCREEN,Mods/aircraft/A-10C/Cockpit/Scripts/AN_ALR69V/indicator/AN_ALR69V_init.lua,600,1601,175,175
DIGIT_CLOCK,Mods/aircraft/A-10C/Cockpit/Scripts/DigitalClock/Indicator/DIGIT_CLK_init.lua,480,2270,122,122
UHF_FREQUENCY_STATUS,Mods/aircraft/A-10C/Cockpit/Scripts/UHF_Radio/indicator/freq_status_init.lua,635,2005,120,30
UHF_PRESET_CHANNEL,Mods/aircraft/A-10C/Cockpit/Scripts/UHF_Radio/indicator/preset_channel_init.lua,748,1917,30,30
UHF_REPEATER,Mods/aircraft/A-10C/Cockpit/Scripts/UHF_Radio/indicator/repeater_init.lua,656,2135,110,30
